{"cameraMode":{"drawMode":0,"name":"Shaded","section":"Shading Mode"},"sceneLighting":false,"audioPlay":false,"sceneViewState":{"showFog":true,"showMaterialUpdate":false,"showSkybox":false,"showFlares":true,"showImageEffects":true,"showParticleSystems":true,"showVisualEffectGraphs":true,"m_FxEnabled":true},"in2DMode":false,"pivot":{"x":0.0335749089717865,"y":0.03735196590423584,"z":-0.002396881580352783},"rotation":{"x":-0.05403083190321922,"y":0.9430908560752869,"z":-0.19098713994026185,"w":-0.2668038606643677},"size":0.2963883876800537,"orthographic":false}