{"cameraMode":{"drawMode":0,"name":"Shaded","section":"Shading Mode"},"sceneLighting":false,"audioPlay":false,"sceneViewState":{"showFog":true,"showMaterialUpdate":false,"showSkybox":false,"showFlares":true,"showImageEffects":true,"showParticleSystems":true,"showVisualEffectGraphs":true,"m_FxEnabled":true},"in2DMode":false,"pivot":{"x":-0.010431727394461632,"y":0.0797198936343193,"z":-0.05540670454502106},"rotation":{"x":-0.4705435335636139,"y":-0.447143018245697,"z":0.3012385070323944,"w":-0.6985458731651306},"size":0.010967373847961426,"orthographic":false}