{"cameraMode":{"drawMode":0,"name":"Shaded","section":"Shading Mode"},"sceneLighting":false,"audioPlay":false,"sceneViewState":{"showFog":true,"showMaterialUpdate":false,"showSkybox":false,"showFlares":true,"showImageEffects":true,"showParticleSystems":true,"showVisualEffectGraphs":true,"m_FxEnabled":true},"in2DMode":false,"pivot":{"x":0.15991973876953126,"y":1.2094802856445313,"z":0.3078199625015259},"rotation":{"x":0.1990908533334732,"y":-0.18947851657867433,"z":0.039118774235248569,"w":0.9607278108596802},"size":0.8660253882408142,"orthographic":false}