{"cameraMode":{"drawMode":0,"name":"Shaded","section":"Shading Mode"},"sceneLighting":false,"audioPlay":false,"sceneViewState":{"showFog":true,"showMaterialUpdate":false,"showSkybox":false,"showFlares":true,"showImageEffects":true,"showParticleSystems":true,"showVisualEffectGraphs":true,"m_FxEnabled":true},"in2DMode":false,"pivot":{"x":0.16847603023052216,"y":1.2451977729797364,"z":0.3078199625015259},"rotation":{"x":0.23642359673976899,"y":0.591553270816803,"z":-0.18718400597572328,"w":0.7477990388870239},"size":0.048087842762470248,"orthographic":false}