{"cameraMode":{"drawMode":0,"name":"Shaded","section":"Shading Mode"},"sceneLighting":false,"audioPlay":false,"sceneViewState":{"showFog":true,"showMaterialUpdate":false,"showSkybox":false,"showFlares":true,"showImageEffects":true,"showParticleSystems":true,"showVisualEffectGraphs":true,"m_FxEnabled":true},"in2DMode":false,"pivot":{"x":-0.031272292137145999,"y":0.039270296692848209,"z":-0.0010263770818710328},"rotation":{"x":-0.05403083190321922,"y":0.9430908560752869,"z":-0.19098713994026185,"w":-0.2668038606643677},"size":0.2968345284461975,"orthographic":false}