{"cameraMode":{"drawMode":0,"name":"Shaded","section":"Shading Mode"},"sceneLighting":false,"audioPlay":false,"sceneViewState":{"showFog":true,"showMaterialUpdate":false,"showSkybox":false,"showFlares":true,"showImageEffects":true,"showParticleSystems":true,"showVisualEffectGraphs":true,"m_FxEnabled":true},"in2DMode":false,"pivot":{"x":-0.0010000020265579224,"y":0.0010000020265579224,"z":-0.034999996423721316},"rotation":{"x":-0.26373612880706789,"y":0.4075236916542053,"z":-0.12419335544109345,"w":-0.865415632724762},"size":0.34641021490097048,"orthographic":false}