{"cameraMode":{"drawMode":0,"name":"Shaded","section":"Shading Mode"},"sceneLighting":false,"audioPlay":false,"sceneViewState":{"showFog":true,"showMaterialUpdate":false,"showSkybox":false,"showFlares":true,"showImageEffects":true,"showParticleSystems":true,"showVisualEffectGraphs":true,"m_FxEnabled":true},"in2DMode":false,"pivot":{"x":-0.055825069546699527,"y":-0.018700148910284044,"z":-0.0952213853597641},"rotation":{"x":-0.07945061475038529,"y":-0.8659346699714661,"z":0.1457962989807129,"w":-0.4718172252178192},"size":0.012974530458450318,"orthographic":false}