{"cameraMode":{"drawMode":0,"name":"Shaded","section":"Shading Mode"},"sceneLighting":false,"audioPlay":false,"sceneViewState":{"showFog":true,"showMaterialUpdate":false,"showSkybox":false,"showFlares":true,"showImageEffects":true,"showParticleSystems":true,"showVisualEffectGraphs":true,"m_FxEnabled":true},"in2DMode":false,"pivot":{"x":0.21627023816108704,"y":-0.06030067056417465,"z":-0.06267425417900086},"rotation":{"x":-0.07674357295036316,"y":-0.8106788396835327,"z":0.10912856459617615,"w":-0.5700973868370056},"size":0.5374675989151001,"orthographic":false}