{"cameraMode":{"drawMode":0,"name":"Shaded","section":"Shading Mode"},"sceneLighting":false,"audioPlay":false,"sceneViewState":{"showFog":true,"showMaterialUpdate":false,"showSkybox":false,"showFlares":true,"showImageEffects":true,"showParticleSystems":true,"showVisualEffectGraphs":true,"m_FxEnabled":true},"in2DMode":false,"pivot":{"x":-0.023452922701835634,"y":-0.0007294230163097382,"z":-0.056537315249443057},"rotation":{"x":-0.07945061475038529,"y":-0.8659346699714661,"z":0.1457962989807129,"w":-0.4718172252178192},"size":0.3129745125770569,"orthographic":false}