{"cameraMode":{"drawMode":0,"name":"Shaded","section":"Shading Mode"},"sceneLighting":true,"audioPlay":false,"sceneViewState":{"showFog":true,"showMaterialUpdate":false,"showSkybox":true,"showFlares":true,"showImageEffects":true,"showParticleSystems":true,"showVisualEffectGraphs":true,"m_FxEnabled":true},"in2DMode":false,"pivot":{"x":-0.5991582870483398,"y":1.8567924499511719,"z":0.3902101516723633},"rotation":{"x":0.1228506937623024,"y":0.20948559045791627,"z":-0.02649136818945408,"w":0.9697633385658264},"size":1.9608736038208008,"orthographic":false}