{"cameraMode":{"drawMode":0,"name":"Shaded","section":"Shading Mode"},"sceneLighting":true,"audioPlay":false,"sceneViewState":{"showFog":true,"showMaterialUpdate":false,"showSkybox":true,"showFlares":true,"showImageEffects":true,"showParticleSystems":true,"showVisualEffectGraphs":true,"m_FxEnabled":true},"in2DMode":false,"pivot":{"x":-4.216082572937012,"y":0.7272980213165283,"z":2.2450928688049318},"rotation":{"x":0.13701649010181428,"y":-0.49848493933677676,"z":0.07995963841676712,"w":0.8522980809211731},"size":4.779207706451416,"orthographic":false}